name,num,type1,type2,category,size,weight,gen,CHE,COE,faiblesse,résistance
Bulbizarre,1,Plante,Poison,Graine,0.7,6.9,1,1_1,,Feu X2 Vol X2 Glace X2 Psy X2,Eau X0.5 Électrik X0.5 Fée X0.5 Combat X0.5 Plante X0.25
Herbizarre,2,Plante,Poison,Graine,1,13,1,1_2,Niveau 16,Feu X2 Vol X2 Glace X2 Psy X2,Eau X0.5 Électrik X0.5 Fée X0.5 Combat X0.5 Plante X0.25
Florizarre,3,Plante,Poison,Graine,2,100,1,1_3,Niveau 32,Feu X2 Vol X2 Glace X2 Psy X2,Eau X0.5 Électrik X0.5 Fée X0.5 Combat X0.5 Plante X0.25
Méga-Florizarre,3,Plante,Poison,Graine,2.4,155.5,Méga,1_4-1,Florazarrite,Feu X2 Vol X2 Glace X2 Psy X2,Eau X0.5 Électrik X0.5 Fée X0.5 Combat X0.5 Plante X0.25
Florizarre Gigamax,3,Plante,Poison,Graine,24,,Gigamax,1_4-2,Poignet Dyamax,Feu X2 Vol X2 Glace X2 Psy X2,Eau X0.5 Électrik X0.5 Fée X0.5 Combat X0.5 Plante X0.25
Salamèche,4,Feu,,Lézard,0.6,8.5,1,4_1,,Eau X2 Roche X2 Sol X2,Plante X0.5 Feu X0.5 Insecte X0.5 Acier X0.5 Fée X0.5
Reptincel,5,Feu,,Flamme,1.1,19,1,4_2,Niveau 16,Eau X2 Roche X2 Sol X2,Plante X0.5 Feu X0.5 Insecte X0.5 Acier X0.5 Fée X0.5
Dracaufeu,6,Feu,Vol,Flamme,1.7,90.5,1,4_3,Niveau 32,Eau X2 Roche X4 Électrik X2,Plante X0.25 Feu X0.5 Insecte X0.25 Acier X0.5 Fée X0.5 Combat X0.5 Sol X0
Méga-Dracaufeu X,6,Feu,Dragon,Flamme,1.7,110.5,Méga,4_4-1,Dracaufite X,,
Méga-Dracaufeu Y,6,Feu,Vol,Flamme,1.7,100.5,Méga,4_4-2,Dracaufite Y,Eau X2 Roche X4 Électrik X2,Plante X0.25 Feu X0.5 Insecte X0.25 Acier X0.5 Fée X0.5 Combat X0.5 Sol X0
Dracaufeu Gigamax,6,Feu,Vol,Flamme,28,,Gigamax,4_4-3,Poignet Dyamax,,
Carapuce,7,Eau,,Minitortue,0.5,9,1,7_1,,,
Carabaffe,8,Eau,,Tortue,1,22.5,1,7_2,Niveau 16,,
Tortank,9,Eau,,Carapace,1.6,85.5,1,7_3,Niveau 36,,
Méga-Tortank,9,Eau,,Carapace,1.6,101.1,Méga,7_4-1,Tortankite,,
Tortank Gigamax,9,Eau,,Carapace,25,,Gigamax,7_4-2,Poignet Dyamax,,
Chenipan,10,Insecte,,Ver,0.3,2.9,1,10_1,,,
Chrysacier,11,Insecte,,Cocon,0.7,9.9,1,10_2,Niveau 7,,
Papilusion,12,Insecte,Vol,Papillon,1.1,32,1,10_3,Niveau 10,,
Papilusion Gigamax,12,Insecte,Vol,Papillon,17,,Gigamax,10_4,Poignet Dyamax,,
Aspicot,13,Insecte,Poison,Insectopic,0.3,3.2,1,13_1,,,
Coconfort,14,Insecte,Poison,Cocon,0.6,10,1,13_2,Niveau 7,,
Dardargnan,15,Insecte,Poison,Guêpoison,1,29.5,1,13_3,Niveau 10,,
Méga-Dardargnan,15,Insecte,Poison,Guêpoison,1.4,40.5,Méga,13_4,Dardargnite,,
Roucool,16,Normal,Vol,Minoiseau,0.3,1.8,1,16_1,,,
Roucoups,17,Normal,Vol,Oiseau,1.1,30,1,16_2,Niveau 18,,
Roucarnage,18,Normal,Vol,Oiseau,1.5,39.5,1,16_3,Niveau 36,,
Méga-Roucarnage,18,Normal,Vol,Oiseau,2.2,50.5,Méga,16_4,Roucarnagite,,
Rattata,19,Normal,,Souris,0.3,3.5,1,19-1_1,,,
Rattata d'Alola,19,Ténèbres,Normal,Souris,0.3,3.8,7,19-2_1,,,
Rattatac,20,Normal,,Souris,0.7,18.5,1,19-1_2,Niveau 20,,
Rattatac d'Alola,20,Ténèbres,Normal,Souris,0.7,25.5,7,19-2_2,Niveau 20 de Nuit,,
Piafabec,21,Normal,Vol,Minoiseau,0.3,2,1,21_1,,,
Rapasdepic,22,Normal,Vol,Bec-Oiseau,1.2,38,1,21_2,Niveau 20,,
Abo,23,Poison,,Serpent,2,6.9,1,22_1,,,
Arbok,24,Poison,,Cobra,3.5,65,1,22_2,Niveau 22,,
Pikachu,25,Électrik,,Souris,0.4,6,1,172_2,Bonheur,,
Pikachu Gigamax,25,Électrik,,Souris,21,,Gigamax,172_3-1,Poignet Dyamax,,
Raichu,26,Électrik,,Souris,0.8,30,1,172_3-2,Pierre foudre,,
Raichu d'Alola,26,Électrik,Psy,Souris,0.7,21,7,172_3-3,Pierre foudre à Alola,,
Sabelette,27,Sol,,Souris,0.6,12,1,27-1_1,,,
Sabelette d'Alola,27,Glace,Acier,Souris,0.7,40,7,27-2_1,,,
Sablaireau,28,Sol,,Souris,1,29.5,1,27-1_2,Niveau 22,,
Sablaireau d'Alola,28,Glace,Acier,Souris,1.2,55,7,27-2_2,Pierre glace,,
Nidoran ♀,29,Poison,,Vénépic,0.4,7,1,29_1,,,
Nidorina,30,Poison,,Vénépic,0.9,20,1,29_2,Niveau 16,,
Nidoqueen,31,Poison,Sol,Perceur,1.3,60,1,29_3,Pierre lune,,
Nidoran ♂,32,Poison,,Vénépic,0.5,9,1,32_1,,,
Nidorino,33,Poison,,Vénépic,0.9,19.5,1,32_2,Niveau 16,,
Nidoking,34,Poison,Sol,Vénépic,1.4,62,1,32_3,Pierre lune,,
Mélofée,35,Fée,,Fée,0.6,7.5,1,173_2,Bonheur,,
Mélodelfe,36,Fée,,Fée,1.3,40,1,173_3,Pierre lune,,
Goupix,37,Feu,,Renard,0.6,9.9,1,37-1_1,,,
Goupix d'Alola,37,Glace,,Renard,0.6,9.9,7,37-2_1,,,
Feunard,38,Feu,,Renard,1.1,19.9,1,37-1_2,Pierre feu,,
Feunard d'Alola,38,Glace,,Renard,1.1,19.9,7,37-2_2,Pierre glace,,
Rondoudou,39,Normal,Fée,Bouboule,0.5,5.5,1,174_2,Bohneur,,
Grodoudou,40,Normal,Fée,Bouboule,1,12,1,174_3,Pierre lune,,
Nosferapti,41,Poison,Vol,Chovsouris,0.8,7.5,1,41_1,,,
Nosferalto,42,Poison,Vol,Chovsouris,1.6,55,1,41_2,Niveau 22,,
Mystherbe,43,Plante,Poison,Racine,0.5,5.4,1,43_1,,,
Ortide,44,Plante,Poison,Racine,0.8,8.6,1,43_2,Niveau 21,,
Rafflesia,45,Plante,Poison,Fleur,1.2,18.6,1,43_3-1,Pierre plante,,
Paras,46,Insecte,Plante,Champignon,0.3,5.4,1,46_1,,,
Parasect,47,Insecte ,Plante,Champignon,1,29.5,1,46_2,Niveau 24,,
Mimitoss,48,Insecte,Poison,Vermine,1,30,1,48_1,,,
Aéromite,49,Insecte,Poison,Papipoison,1.5,12.5,1,48_2,Niveau 31,,
Taupiqueur,50,Sol,,Taupe,0.2,0.8,1,50-1_1,,,
Taupiqueur d'Alola,50,Sol,Acier,Taupe,0.2,1,7,50-2_1,,,
Triopikeur,51,Sol,,Taupe,0.7,33.3,1,50-1_2,Niveau 26,,
Triopikeur d'Alola,51,Sol,Acier,Taupe,0.7,66.6,7,50-2_2,Niveau 26,,
Miaouss,52,Normal,,Chadégout,0.4,4.2,1,52-1_1,,,
Miaouss Gigamax,52,Normal,,Chadégout,33,,Gigamax,52-1_2-1,Poignet Dyamax,,
Miaouss d'Alola,52,Ténèbres,,Chadégout,0.4,4.2,7,52-2_1,,,
Miaouss de Galar,52,Acier,,Chadégout,0.4,7.5,8,52-3_1,,,
Persian,53,Normal,,Chadeville,1,32,1,52-1_2-2,Niveau 28,,
Persian d'Alola,53,Ténèbres,,Chadeville,1.1,33,7,52-2_2,Bonheur,,
Psykokwak,54,Eau,,Canard,0.8,19.6,1,54_1,,,
Akwakwak,55,Eau,,Canard,1.7,76.6,1,54_2,Niveau 33,,
Férosinge,56,Combat,,Porsinge,0.5,28,1,56_1,,,
Colossinge,57,Combat,,Porsinge,1,32,1,56_2,Niveau 28,,
Caninos,58,Feu,,Chiot,0.7,19,1,58-1_1,,,
Caninos de Hisui,58,Feu,Roche,Espion,0.8,22.7,8,58-2_1,,,
Arcanin,59,Feu,,Légendaire,1.9,155,1,58-1_2,Pierre feu,,
Arcanin de Hisui,59,Feu,Roche,Légendaire,1.85,148.04,8,58-2_2,Pierre feu,,
Ptitard,60,Eau,,Têtard,0.6,12.4,1,60_1,,,
Têtarte,61,Eau,,Têtard,1,20,1,60_2,Niveau 25,,
Tartard,62,Eau,Combat,Têtard,1.3,54,1,60_3-1,Pierre eau,,
Abra,63,Psy,,Psy,0.9,19.5,1,63_1,,,
Kadabra,64,Psy,,Psy,1.3,56.5,1,63_2,Niveau 16,,
Alakazam,65,Psy,,Psy,1.5,48,1,63_3,Échange,,
Méga-Alakazam,65,Psy,,Psy,1.2,48,Méga,63_4,Alakazamite,,
Machoc,66,Combat,,Colosse,0.8,19.5,1,66_1,,,
Machopeur,67,Combat,,Colosse,1.5,70.5,1,66_2,Niveau 28,,
Mackogneur,68,Combat,,Colosse,1.6,130,1,66_3,Échange,,
Mackogneur Gigamax,68,Combat,,Colosse,25,,Gigamax,66_4,Poignet Dyamax,,
Chétiflor,69,Plante,Poison,Fleur,0.7,4,1,69_1,,,
Boustiflor,70,Plante,Poison,Carnivore,1,6.4,1,69_2,Niveau 21,,
Empiflor,71,Plante,Poison,Carnivore,1.7,15.5,1,69_3,Pierre plante,,
Tentacool,72,Eau,Poison,Mollusque,0.9,45.5,1,72_1,,,
Tentacruel,73,Eau,Poison,Mollusque,1.6,55,1,72_2,Niveau 30,,
Racaillou,74,Roche,Sol,Roche,0.4,20,1,74-1_1,,,
Racaillou d'Alola,74,Roche,Électrik,Roche,0.4,20.3,7,74-2_1,,,
Gravalanch,75,Roche,Sol,Roche,1,105,1,74-1_2,Niveau 25,,
Gravalanch d'Alola,75,Roche,Électrik,Roche,1,110,7,74-2_2,Niveau 25,,
Grolem,76,Roche,Sol,Titanesque,1.4,300,1,74-1_3,Échange,,
Grolem d'Alola,76,Roche,Électrik,Titanesque,1.7,316,7,74-2_3,Échange,,
Ponyta,77,Feu,,Cheval Feu,1,30,1,77-1_1,,,
Ponyta de Galar,77,Psy,,Monocorne,0.8,24,8,77-2_1,,,
Galopa ,78,Feu,,Cheval Feu,1.7,95,1,77-1_2,Niveau 40,,
Galopa de Galar,78,Psy,Fée,Monocorne,1.7,80,8,77-2_2,Niveau 40,,
Ramoloss,79,Eau,Psy,Crétin,1.2,36,1,79-1_1,,,
Ramoloss de Galar,79,Psy,,Crétin,1.2,36,8,79-2_1,,,
Flagadoss,80,Eau ,Psy,Symbiose,1.6,78.5,1,79-1_2-1,Niveau 37,,
Flagadoss de Galar,80,Poison,Psy,Symbiose,1.6,70.5,8,79-2_2-1,Bracelet Galanoa,,
Méga-Flagadoss,80,Eau,Psy,Symbiose,2,120,Méga,79-1_3,Flagadossite,,
Magnéti,81,Électrik,Acier,Magnétique,0.3,6,1,81_1,,,
Magnéton,82,Électrik,Acier,Magnétique,1,60,1,81_2,Niveau 30,,
Canarticho,83,Normal,Vol,Canard Fou,0.8,15,1,83-1_1,,,
Canarticho de Galar,83,Combat,,Canard Fou,0.8,42,8,83-2_1,,,
Doduo,84,Normal,Vol,Duoiseau,1.4,39.2,1,84_1,,,
Dodrio,85,Normal,Vol,Trioiseau,1.8,85.2,1,84_2,Niveau 31,,
Otaria,86,Eau,,Otarie,1.1,90,1,86_1,,,
Lamantine,87,Eau,Glace,Otarie,1.7,120,1,86_2,Niveau 34,,
Tadmorv,88,Poison,,Dégueu,0.9,30,1,88-1_1,,,
Tadmorv d'Alola,88,Poison,Ténèbres,Dégueu,0.7,42,7,88-2_1,,,
Grotadmorv,89,Poison,,Dégueu,1.2,30,1,88-1_2,Niveau 38,,
Grotadmorv d'Alola,89,Poison,Ténèbres,Dégueu,1,52,7,88-2_2,Niveau 38,,
Kokiyas,90,Eau,,Bivalve,0.3,4,1,90_1,,,
Crustabri,91,Eau,Glace,Bivalve,1.5,132.5,1,90_2,Pierre eau,,
Fantominus,92,Spectre,Poison,Gaz,1.3,0.1,1,92_1,,,
Spectrum,93,Spectre,Poison,Gaz,1.6,0.1,1,92_2,Niveau 25,,
Ectoplasma,94,Spectre,Poison,Ombre,1.5,40.5,1,92_3,Échange,,
Méga-Ectoplasma,94,Spectre,Poison,Ombre,1.4,40.5,Méga,92_4-1,Ectoplasmite,,
Ectoplasma Gigamax,94,Spectre,Poison,Ombre,20,,Gigamax,92_4-2,Poignet Dyamax,,
Onix,95,Roche,Sol,Serpenroc,8.8,210,1,95_1,,,
Soporifik,96,Psy,,Hypnose,1,32.4,1,96_1,,,
Hypnomade,97,Psy,,Hypnose,1.6,75.6,1,96_2,Niveau 26,,
Krabby,98,Eau,,Doux Crabe,0.4,6.5,1,98_1,,,
Krabboss,99,Eau,,Pince,1.3,60,1,98_2,Niveau 28,,
Krabboss Gigamax,99,Eau,,Pince,19,,Gigamax,98_3,Poignet Dyamax,,
Voltorbe,100,Électrik,,Balle,0.5,10.4,1,100-1_1,,,
Voltorbe de Hisui,100,Électrik,Plante,Sphère ,0.5,13,8,100-2_1,,,
Électrode,101,Électrik,,Balle,1.2,66.6,1,100-1_2,Niveau 30,,
Électrode de Hisui,101,Électrik,Plante,Sphère ,1.17,68.67,8,100-2_2,Pierre plante,,
Nœunœuf,102,Plante,Psy,Œuf,0.4,2.5,1,102_1,,,
Noadkoko,103,Plante,Psy,Fruitpalme,2,120,1,102_2-1,Pierre plante,,
Noadkoko d'Alola,103,Plante,Dragon,Fruitpalme,10.9,415.6,7,102_2-2,Pierre plante à Alola,,
Osselait,104,Sol,,Solitaire,0.4,6.5,1,104_1,,,
Ossatueur,105,Sol,,Gard'Os,1,45,1,104_2-1,Niveau 28,,
Ossatueur d'Alola,105,Feu,Spectre,Gard'Os,1,34,7,104_2-2,Niveau 28 de nuit à Alola,,
Kicklee,106,Combat,,Latteur,1.5,49.8,1,236_2-1,Niveau 20 si Att > Def,,
Tygnon,107,Combat,,Puncheur,1.4,50.2,1,236_2-2,Niveau 20 si Att < Def,,
Excelangue,108,Normal,,Lécheur,1.2,65.5,1,108_1,,,
Smogo,109,Poison,,Gaz Mortel,0.6,1,1,109_1,,,
Smogogo,110,Poison,,Gaz Mortel,1.2,9.5,1,109_2-1,Niveau 35,,
Smogogo de Galar,110,Poison,Fée,Gaz Mortel,3,16,8,109_2-2,Niveau 35 à Galar,,
Rhinocorne,111,Sol,Roche,Piquant,1,115,1,111_1,,,
Rhinoféros,112,Sol,Roche,Perceur,1.9,120,1,111_2,Niveau 42,,
Leveinard,113,Normal,,Œuf,1.1,34.6,1,440_2,Pierre ovale et +1 Niveau de jour,,
Saquedeneu,114,Plante,,Vigne,1,35,1,114_1,,,
Kangourex,115,Normal,,Maternel,2.2,80,1,115_1,,,
Méga-Kangourex,115,Normal,,Maternel,2.2,100,Méga,115_2,Kangourexite,,
Hypotrempe,116,Eau,,Dragon,0.4,8,1,116_1,,,
Hypocéan,117,Eau,,Dragon,1.2,25,1,116_2,Niveau 32,,
Poissirène,118,Eau,,Poisson,0.6,15,1,118_1,,,
Poissoroy,119,Eau,,Poisson,1.3,39,1,118_2,Niveau 33,,
Stari,120,Eau,,Étoile,0.8,34.5,1,120_1,,,
Staross,121,Eau,Psy,Mystérieux,1.1,80,1,120_2,Pierre eau,,
M.Mime,122,Psy,Fée,Bloqueur,1.3,54.5,1,439_2-1,apprendre copie et +1 Niveau,,
M.Mime de Galar,122,Glace,Psy,Danse,1.4,56.8,8,439_2-2,apprendre copie et +1 Niveau à Galar,,
Insécateur,123,Insecte,Vol,Mante,1.5,56,1,123_1,,,
Lippoutou,124,Glace,Psy,Humanoïde,1.4,40.6,1,238_2,Niveau 30,,
Élektek,125,Électrik,,Électrique,1.1,30,1,239_2,Niveau 30,,
Magmar,126,Feu,,Crache-feu,1.3,44.5,1,240_2,Niveau 30,,
Scarabrute,127,Insecte,,Scarabée,1.5,55,1,127_1,,,
Méga-Scarabrute,127,Insecte,Vol,Scarabée,1.7,59,Méga,127_2,Scarabruite,,
Tauros,128,Normal,,Buffle,1.4,88.4,1,128-1_1,,,
Tauros de Paldéa (race combative),128,Combat,,Buffle,1.4,115,9,128-2_1,,,
Tauros de Paldéa (race Flamboyante),128,Combat,Feu,Buffle,1.4,85,9,128-2_1,,,
Tauros de Paldéa (race Aquatique),128,Combat,Eau,Buffle,1.4,110,9,128-2_1,,,
Magicarpe,129,Eau,,Poisson,0.9,10,1,129_1,,,
Léviator,130,Eau,Vol,Terrifiant,6.5,235,1,129_2,Niveau 20,,
Méga-Léviator,130,Eau,Ténèbres,Terrifiant,6.5,305,Méga,129_3,Léviatorite,,
Lokhlass,131,Eau,Glace,Transport,2.5,220,1,131_1,,,
Lokhlass Gigamax,131,Eau,Glace,Transport,24,,Gigamax,131_2,Poignet Dyamax,,
Métamorph,132,Normal,,Morphing ,0.3,4,1,132_1,,,
Évoli,133,Normal,,Évolutif,0.3,6.5,1,133_2,,,
Évoli Gigamax,133,Normal,,Évolutif,18,,Gigamax,133_3,Poignet Dyamax,,
Aquali,134,Eau,,Bulleur,1,29,1,133_1-1,Pierre eau,,
Voltali,135,Électrik,,Orage,0.8,24.5,1,133_1-2,Pierre foudre,,
Pyroli,136,Feu,,Flamme,0.9,25,1,133_1-3,Pierre feu,,
Porygon,137,Normal,,Virtuel,0.8,36.5,1,,,,
Amonita,138,Roche,Eau,Spirale,0.4,7.5,1,,,,
Amonistar,139,Roche,Eau,Spirale,1,35,1,,,,
Kabuto,140,Roche,Eau,Carapace,0.5,11.5,1,,,,
Kabutops,141,Roche,Eau,Carapace,1.3,40.5,1,,,,
Ptéra,142,Roche,Vol,Fossile,1.8,59,1,,,,
Méga-Ptéra,142,Roche,Vol,Fossile,2.1,79,Méga,,,,
Ronflex,143,Normal,,Pionceur,2.1,460,1,,,,
Ronflex Gigamax,143,Normal,,Pionceur,35,,Gigamax,,,,
Artikodin,144,Glace,Vol,Glaciaire,1.7,55.4,1,,,,
Artikodin de Galar,144,Psy,Vol,Implacable,1.7,50.9,8,,,,
Électhor,145,Électrik,Vol,Électrique,1.6,52.6,1,,,,
Électhor de Galar,145,Combat,Vol,Fort-Pied,1.6,58.2,8,,,,
Sulfura,146,Feu,Vol,Flamme,2,60,1,,,,
Sulfura de Galar,146,Ténèbres,Vol,Maléfique,2,66,8,,,,
Minidraco,147,Dragon,,Dragon,1.8,3.3,1,,,,
Draco,148,Dragon,,Dragon,4,16.5,1,,,,
Dracolosse,149,Dragon,Vol,Dragon,2.2,210,1,,,,
Mewtwo,150,Psy,,Génétique,2,122,1,,,,
Méga-Mewtwo X,150,Psy,Combat,Génétique,2.3,127,Méga,,,,
Méga-Mewtwo Y,150,Psy,,Génétique,1.5,33,Méga,,,,
Mew,151,Psy,,Nouveau,0.4,4,1,,,,
Germignon,152,Plante,,Feuille,0.9,6.4,2,,,,
Macronium,153,Plante,,Feuille,1.2,15.8,2,,,,
Méganium,154,Plante,,Herbe,1.8,100.5,2,,,,
Héricendre,155,Feu,,Souris Feu,0.5,7.9,2,,,,
feurisson,156,Feu,,Volcan,0.9,19,2,,,,
Typhlosion,157,Feu,,Volcan,1.7,79.5,2,,,,
Typhlosion de Hisui,157,Feu,Spectre,Feu Follet,1.6,69.69,8,,,,
Kaiminus,158,Eau,,Mâchoire,0.6,9.5,2,,,,
Crocrodil,159,Eau,,Mâchoire,1.1,25,2,,,,
Aligatueur,160,Eau,,Mâchoire,2.3,88.8,2,,,,
Fouinette,161,Normal,,Espion,0.8,6,2,,,,
Fouinar,162,Normal,,Allongé,1.8,32.5,2,,,,
Hoothoot,163,Normal,Vol,Hibou,0.7,21.2,2,,,,
Noarfang,164,Normal,Vol,5 Étoiles,1.6,40.8,2,,,,
Coxy,165,Insecte,Vol,5 Étoiles,1,10.8,2,,,,
Coxyclaque,166,Insecte,Vol,Crache Fil,1.4,35.6,2,,,,
Mimigal,167,Insecte,Poison,Long-Patte,0.5,8.5,2,,,,
Migalos,168,Insecte,Poison,Chovsouris,1.1,33.5,2,,,,
Nostenfer,169,Poison,Vol,Poisson,1.8,75,2,,Bonheur,,
Loupio,170,Eau,Électrik,Lumière,0.5,12,2,,,,
Lanturn,171,Eau,Électrik,Minisouris,1.2,22.5,2,,,,
Pichu,172,Électrik,,Étoile,0.3,2,2,,,,
Mélo,173,Fée,,Bouboule,0.3,3,2,,,,
Toudoudou,174,Normal,Fée,Balle Pic,0.3,1,2,,,,
Togepi,175,Fée,,Bonheur,0.3,1.5,2,,,,
Togetic,176,Fée,Vol,Bonheur,0.6,3.2,2,,,,
Natu,177,Psy,Vol,Minoiseau,0.2,2,2,,,,
Xatu,178,Psy,Vol,Mystique,1.5,15,2,,,,
Wattouat,179,Électrik,,Laine,0.6,7.8,2,,,,
Lainergie,180,Électrik,,Laine,0.8,13.3,2,,,,
Pharamp,181,Électrik,,Lumière,1.4,61.5,2,,,,
Méga-Pharamp,181,Électrik,Dragon,Lumière,1.4,61.5,Méga,,,,
Joliflor,182,Plante,,Fleur,0.4,5.8,2,43_3-2,Pierre soleil,,
Marill,183,Eau,Fée,Aquasouris,0.4,8.5,2,,,,
Azumarill,184,Eau,Fée,Aqualapin,0.8,28.5,2,,,,
Simularbre,185,Roche,,Imitation,1.2,38,2,,,,
Tarpaud,186,Eau,,Grenouille,1.1,33.9,2,,,,
Granivol,187,Plante,Vol,Pissenlit,0.4,0.5,2,,,,
Floravol,188,Plante,Vol,Pissenlit,0.6,1,2,,,,
Cotovol,189,Plante,Vol,Pissenlit,0.8,3,2,,,,
Capumain,190,Normal,,Longqueue,0.8,11.5,2,,,,
Tournegrin,191,Plante,,Graine,0.3,1.8,2,,,,
Héliatronc,192,Plante,,Soleil,0.8,8.5,2,,,,
Yanma,193,Insecte,Vol,Translaile,1.2,38,2,,,,
Axoloto,194,Eau,Sol,Poisson,0.4,8.5,2,,,,
Axoloto de Paldéa,194,Poison,Sol,Poizzon,0.4,11,9,,,,
Maraiste,195,Eau,Sol,Poisson,1.4,75,2,,,,
Mentali,196,Psy,,Soleil,0.9,26.5,2,133_4-1,Bonheur de jour,,
Noctali,197,Ténèbres,,Lune,1,27,2,133_4-2,Bohneur de nuit,,
Cornèbre,198,Ténèbres,Vol,Obscurité,0.5,2.1,2,,,,
Roigada,199,Eau,Psy,Royal,2,79.5,2,,,,
Roigada de Galar,199,Poison,Psy,Ensorceleur,1.8,79.5,8,,,,
Feuforêve,200,Spectre,,Strident,0.7,1,2,,,,
Zarbi,201,Psy,,Symbolique,0.5,5,2,,,,
Qulbutoké,202,Psy,,Patient,1.3,28.5,2,,,,
Girafarig,203,Normal,Psy,Long-Cou,1.5,41.5,2,,,,
Pomdepik,204,Insecte,,Ver Caché,0.6,7.2,2,,,,
Foretress,205,Insecte,Acier,Ver Caché,1.2,125.8,2,,,,
Insolourdo,206,Normal,,Serpent,1.5,14,2,,,,
Scorplane,207,Sol,Vol,Scorpivol,1.1,64.8,2,,,,
Steelix,208,Acier,Sol,Serpenfer,9.2,400,2,,,,
Méga-Steelix,208,Acier,Sol,Serpenfer,10.5,740,Méga,,,,
Snubbull,209,Fée,,Fée,0.6,7.8,2,,,,
Granbull,210,Fée,,Fée,1.4,48.7,2,,,,
Qwilfish,211,Eau,Poison,Bouboule,0.5,3.9,2,,,,
Qwilfish de Hisui,211,Ténèbres,Poison,Bouboule,0.45,3.02,8,,,,
Cizayox,212,Insecte,Acier,Pince,1.8,118,2,,,,
Méga-Cizayox,212,Insecte,Acier,Pince,2,125,Méga,,,,
Caratroc,213,Insecte,Roche,Pourri,0.6,20.5,2,,,,
Scarhino,214,Insecte,Combat,Unicorne,1.5,54,2,,,,
Méga-Scarhino,214,Insecte,Combat,Unicorne,1.7,62.5,Méga,,,,
Farfuret,215,Ténèbres,Glace,Grifacérée,0.9,28,2,,,,
Farfuret de Hisui,215,Combat,Poison,Grifacérée,0.8,25.38,8,,,,
Teddiursa,216,Normal,,Mini Ours,0.6,8.8,2,,,,
Ursaring,217,Normal,,Hibernant,1.8,125.6,2,,,,
Limagma,218,Feu,,Lave,0.7,35,2,,,,
Volcaropod,219,Feu,Roche,Lave,0.8,55,2,,,,
Marcacrin,220,Glace,Sol,Cocohon,0.4,6.5,2,,,,
Cochignon,221,Glace,Sol,Porc ,1.1,55.8,2,,,,
Corayon,222,Eau,Roche,Corail,0.6,5,2,,,,
Corayon de Galar,222,Spectre,,Corail,0.6,0.5,8,,,,
Rémoraid,223,Eau,,Jet,0.6,12,2,,,,
Octillery,224,Eau,,Jet,0.9,28.5,2,,,,
Cadoizo,225,Glace,Vol,Livraison,0.9,16,2,,,,
Démanta,226,Eau,Vol,Cervolant,2.1,220,2,,,,
Airmure,227,Acier,Vol,Armoiseau,1.7,50.5,2,,,,
Malosse,228,Ténèbres,Feu,Sombre,0.6,10.8,2,,,,
Démolosse,229,Ténèbres,Feu,Sombre,1.4,35,2,,,,
Méga-Démolosse,229,Ténèbres,Feu,Sombre,1.9,49.5,Méga,,,,
Hyporoi,230,Eau,,Dragon,1.8,152,2,,,,
Phanpy,231,Sol,,Long-Nez,0.5,33.5,2,,,,
Donphan,232,Sol,,Armure,1.3,120,2,,,,
Porygon2,233,Normal,,Virtuel,0.6,32.5,2,,,,
Cerfrousse,234,Normal,,Maxi Corne,1.4,71.2,2,,,,
Queulorior,235,Normal,,Peintre,1.2,58,2,,,,
Debugant,236,Combat,,Bagarreur,0.7,21,2,,,,
Kapoera,237,Combat,,Poirier,1.4,48,2,,,,
Lippouti,238,Glace,Psy,Bisou,0.6,6,2,,,,
Élekid,239,Électrik,,Électrique,0.6,23.5,2,,,,
Magby,240,Feu,,Charbon,0.7,21.4,2,,,,
Écrémeuh,241,Normal,,Vachalait,1.2,75.5,2,,,,
Leuphorie,242,Normal,,Bonheur,1.5,46.8,2,,,,
Raikou,243,Électrik,,Foudre,1.9,178,2,,,,
Entei,244,Feu,,Volcan,2.1,198,2,,,,
Suicune,245,Eau,,Aurore,2,187,2,,,,
Embrylex,246,Roche,Sol,Peaupierre,0.6,72,2,,,,
Ymphect,247,Roche,Sol,Carapadure,1.2,152,2,,,,
Tyranocif,248,Roche,Ténèbres,Armure,2,202,2,,,,
Méga-Tyranocif,248,Roche,Ténèbres,Armure,2.5,255,Méga,,,,
Lugia,249,Psy,Vol,Plongeon,5.2,216,2,,,,
Ho-oh,250,Feu,Vol,Arc-en-ciel,3.8,199,2,,,,
Celebi,251,Psy,Plante,Temporel,0.6,5,2,,,,
Arcko,252,Plante,,Bois Gecko,0.5,5,3,,,,
Massko,253,Plante,,Bois Gecko,0.9,21.6,3,,,,
Jungko,254,Plante,,Forêt,1.7,52.2,3,,,,
Méga-Jungko,254,Plante,Dragon,Forêt,1.9,55.2,Méga,,,,
Poussifeu,255,Feu,Combat,Poussin,0.4,2.5,3,,,,
Galifeu,256,Feu,Combat,Poulet,0.9,19.5,3,,,,
Braségali,257,Feu,Combat,Ardent,1.9,52,3,,,,
Méga-Braségali,257,Feu,Combat,Ardent,1.9,52,Méga,,,,
Gobou,258,Eau,,Poissonboue,0.4,7.6,3,,,,
Flobio,259,Eau,Sol,Poissonboue,0.7,28,3,,,,
Laggron,260,Eau,Sol,Poissonboue,1.6,81.9,3,,,,
Méga-Laggron,260,Eau,Sol,Poissonboue,1.9,102,Méga,,,,
Medhyèna,261,Ténèbres,,Morsure,0.5,13.6,3,,,,
Grahyèna,262,Ténèbres,,Morsure,1,37,3,,,,
Zigzaton,263,Normal,,Petit Raton,0.4,17.5,3,,,,
Zigzaton de Galar,263,Ténèbres,Normal,Petit Raton,0.4,17.5,8,,,,
Linéon,264,Normal,,Fonceur,0.5,32.5,3,,,,
Linéon de Galar,264,Ténèbres,Normal,Fonceur,0.5,32.5,8,,,,
Chenipotte,265,Insecte,,Ver Caché,0.3,3.6,3,,,,
Armulys,266,Insecte,,Cocon,0.6,10,3,,,,
Charmillon,267,Insecte,Vol,Papillon,1,28.4,3,,,,
Blindalys,268,Insecte,,Cocon,0.7,11.5,3,,,,
Papinox,269,Insecte,Poison,Papipoison,1.2,31.6,3,,,,
Nénupiot,270,Eau,Plante,Aquaplante,0.5,2.6,3,,,,
Lombre,271,Eau,Plante,Jovial,1.2,32.5,3,,,,
Ludicolo,272,Eau,Plante,Insouciant,1.5,55,3,,,,
Grainipiot,273,Plante,,Gland,0.5,4,3,,,,
Pifeuil,274,Plante,,Malin,1,28,3,,,,
Tengalice,275,Plante,Ténèbres,Malveillant,1.3,59.6,3,,,,
Nirondelle,276,Normal,Vol,Minirondel,0.3,2.3,3,,,,
Hélédelle,277,Normal,Vol,Hirondelle,0.7,19.8,3,,,,
Goélise,278,Eau,Vol,Mouette,0.6,9.5,3,,,,
Bekipan,279,Eau,Vol,Oiseaudo,1.2,28,3,,,,
Tarsal,280,Psy,Fée,Sentiment,0.4,1.2,3,,,,
Kirlia,281,Psy,Fée,Émotion,0.8,20.2,3,,,,
Gardevoir,282,Psy,Fée,Étreinte,1.6,48.4,3,,,,
Méga-Gardevoir,282,Psy,Fée,Étreinte,1.6,48.4,Méga,,,,
Arakdo,283,Insecte,Eau,Maresurfeur,0.5,1.7,3,,,,
Maskadra,284,Insecte,Eau,Boule Œil,0.8,3.6,3,,,,
Balignon,285,Plante,,Champignon,0.4,4.5,3,,,,
Chapignon,286,Plante,Combat,Champignon,1.2,39.2,3,,,,
Parecool,287,Normal,,Flâneur,0.8,24,3,,,,
Vigoroth,288,Normal,,Turbusinge,1.4,46.5,3,,,,
Monaflémit,289,Normal,,Fainéant,2,130.5,3,,,,
Ningale,290,Insecte,Sol,Apprenti,0.5,5.5,3,,,,
Ninjask,291,Insecte,Vol,Ninja,0.8,12,3,,,,
Munja,292,Insecte,Spectre,Exuvie,0.8,1.2,3,,,,
Chuchmur,293,Normal,,Chuchoteur,0.6,16.3,3,,,,
Rambour,294,Normal,,Grosse Voix,1,40.5,3,,,,
Brouhabam,295,Normal,,Bruit Sourd,1.5,84,3,,,,
Makuhita,296,Combat,,Tenace,1,86.4,3,,,,
Hariyama,297,Combat,,Cogneur,2.3,253.8,3,,,,
Azurill,298,Normal,Fée,Point Polka,0.2,2,3,,,,
Tarinor,299,Roche,,Boussole,1,97,3,,,,
Skitty,300,Normal,,Chaton,0.6,11,3,,,,
Delcatty,301,Normal,,Guindé,1.1,32.6,3,,,,
Ténéfix,302,Ténèbres,Spectre,Obscurité,0.5,11,3,,,,
Méga-Ténéfix,302,Ténèbres,Spectre,Joyau,0.5,161,Méga,,,,
Mysdibule,303,Acier,Fée,Trompeur,0.6,11.5,3,,,,
Méga-Mydibule,303,Acier,Fée,Trompeur,1,23.5,Méga,,,,
Galekid,304,Acier,Roche,Armurfer,0.4,60,3,,,,
Galegon,305,Acier,Roche,Armurfer,0.9,120,3,,,,
Galeking,306,Acier,Roche,Armurfer,2.1,360,3,,,,
Méga-Galeking,306,Acier,,Armurfer,2.2,395,Méga,,,,
Méditikka,307,Combat,Psy,Méditation,0.6,11.2,3,,,,
Charmina,308,Combat,Psy,Méditation,1.3,31.5,3,,,,
Méga-Charmina,308,Combat,Psy,Méditation,1.3,31.5,Méga,,,,
Dynavolt,309,Électrik,,Orage,0.6,15.2,3,,,,
Élecsprint,310,Électrik,,Décharge,1.5,40.2,3,,,,
Méga-Élecsprint,310,Électrik,,Décharge,1.8,44,Méga,,,,
Posipi,311,Électrik,,Acclameur,0.4,4.2,3,,,,
Négapi,312,Électrik,,Acclameur,0.4,4.2,3,,,,
Muciole,313,Insecte,,Luciole,0.7,17.7,3,,,,
Lumivole,314,Insecte,,Luciole,0.6,17.7,3,,,,
Rosélia,315,Plante,Poison,Épine,0.3,2,3,,,,
Gloupti,316,Poison,,Estomac,0.4,10.3,3,,,,
Avaltout,317,Poison,,Sac Poison,1.7,80,3,,,,
Carvanha,318,Eau,Ténèbres,Féroce,0.8,20.8,3,,,,
Sharpedo,319,Eau,Ténèbres,Brutal,1.8,88.8,3,,,,
Méga-Sharpedo,319,Eau,Ténèbres,Brutal,2.5,130.3,Méga,,,,
Wailmer,320,Eau,,Baleinboule,2,130,3,,,,
Wailord,321,Eau,,Cachabouée,14.5,398,3,,,,
Chamallot,322,Feu,Sol,Engourdi,0.7,24,3,,,,
Camérupt,323,Feu,Sol,Éruption,1.9,220,3,,,,
Méga-Camérupt,323,Feu,Sol,Éruption,2.5,320.5,Méga,,,,
Chartor,324,Feu,,Charbon,0.5,80.4,3,,,,
Spoink,325,Psy,,Rebond,0.7,30.6,3,,,,
Groret,326,Psy,,Magouilleur,0.9,71.5,3,,,,
Spinda,327,Normal,,Panda Tache,1.1,5,3,,,,
Kraknoix,328,Sol,,Piégeur,0.7,15,3,,,,
Vibraninf,329,Sol,Dragon,Vibration,1.1,15.3,3,,,,
Libégon,330,Sol,Dragon,Mystique,2,82,3,,,,
Cacnea,331,Plante,,Cactus,0.4,51.3,3,,,,
Cacturne,332,Plante,Ténèbres,Épouvantail,1.3,77.4,3,,,,
Tylton,333,Normal,Vol,Oiseaucoton,0.4,1.2,3,,,,
Altaria,334,Dragon,Vol,Virevolteur,1.1,20.6,3,,,,
Méga-Altaria,334,Dragon,Fée,Virevolteur,1.5,20.6,Méga,,,,
Mangriff,335,Normal,,Chat Furet,1.3,40.3,3,,,,
Séviper,336,Poison,,Serpacroc,2.7,52.5,3,,,,
Séléroc,337,Roche,Psy,Météorite,1,168,3,,,,
Solaroc,338,Roche,Psy,Météorite,1.2,154,3,,,,
Barloche,339,Eau,Sol,Barbillon,0.4,1.9,3,,,,
Barbicha,340,Eau,Sol,Barbillon,0.9,23.6,3,,,,
Écrapince,341,Eau,,Brute,0.6,11.5,3,,,,
Colhomard,342,Eau,Ténèbres,Crapule,1.1,32.8,3,,,,
Balbuto,343,Sol,Psy,Poupargile,0.5,21.5,3,,,,
Kaorine,344,Sol,Psy,Poupargile,1.5,108,3,,,,
Lilia,345,Roche,Plante,Lis d'Eau,1,23.8,3,,,,
Vacilys,346,Roche,Plante,Bernacle,1.5,60.4,3,,,,
Anorith,347,Roche,Insecte,Crustage,0.7,12.5,3,,,,
Armaldo,348,Roche,Insecte,Blindage,1.5,68.2,3,,,,
Barpau,349,Eau,,Poisson,0.6,7.4,3,,,,
Milobellus,350,Eau,,Tendre,6.2,162,3,,,,
Morphéo (normale),351,Normal,,Climat,0.3,0.8,3,,,,
Morphéo (solaire),351,Feu,,Climat,0.3,0.8,3,,,,
Morphéo (eau de pluie),351,Eau,,Climat,0.3,0.8,3,,,,
Morphéo (blizzard),351,Glace,,Climat,0.3,0.8,3,,,,
Kecleon,352,Normal,,Multicolor,1,22,3,,,,
Polichombr,353,Spectre,,Poupée,0.6,2.3,3,,,,
Branette,354,Spectre,,Marionnette,1.1,12.5,3,,,,
Méga-Branette,354,Spectre,,Marionnette,1.2,13,Méga,,,,
Skelénox,355,Spectre,,Requiem,0.8,15,3,,,,
Téraclope,356,Spectre,,Appel,1.6,30.6,3,,,,
Tropius,357,Plante,Vol,Fruitpalme,2,100,3,,,,
Éoko,358,Psy,,Carillon,0.6,1,3,,,,
Absol,359,Ténèbres,,Désastre,1.2,47,3,,,,
Méga-Absol,359,Ténèbres,,Désastre,1.2,49,Méga,,,,
Okéoké,360,Psy,,Ravi,0.6,14,3,,,,
Stalgamin,361,Glace,,Capuche,0.7,16.8,3,,,,
Onigali,362,Glace,,Face,1.5,256.5,3,,,,
Méga-Onigali,362,Glace,,Face,2.1,350.2,Méga,,,,
Obalie,363,Glace,Eau,Clap Clap,0.8,39.5,3,,,,
Phogleur,364,Glace,Eau,Roule Boule,1.1,87.6,3,,,,
Kaimorse,365,Glace,Eau,Brise Glace,1.4,150.6,3,,,,
Coquiperl,366,Eau,,Bivalve,0.4,52.5,3,,,,
Serpang,367,Eau,,Abysse,1.7,27,3,,,,
Rosabyss,368,Eau,,Mer du Sud,1.8,22.6,3,,,,
Relicanth,369,Eau,Roche,Longévité,1,23.4,3,,,,
Lovdisc,370,Eau,,Rendezvous,0.6,8.7,3,,,,
Draby,371,Dragon,Vol,Tête de Roc,0.6,42.1,3,,,,
Drackhaus,372,Dragon,Vol,Endurant,1.1,110.5,3,,,,
Drattak,373,Dragon,Vol,Dragon,1.5,102.6,3,,,,
Méga-Drattak,373,Dragon,Vol,Dragon,1.8,112.6,Méga,,,,
Terhal,374,Acier,Psy,Boulefer,0.6,95.2,3,,,,
Métang,375,Acier,Psy,Pincefer,1.2,202.5,3,,,,
Métalosse,376,Acier,Psy,Pattefer,1.6,550,3,,,,
Méga-Métalosse,376,Acier,Psy,Pattefer,2.5,942.9,Méga,,,,
Regirock,377,Roche,,Pic Rocheux,1.7,230,3,,,,
Regice,378,Glace,,Iceberg,1.8,175,3,,,,
Registeel,379,Acier,,Fer,1.9,205,3,,,,
Latias,380,Dragon,Psy,Éon,1.4,40,3,,,,
Méga-Latias,380,Dragon,Psy,Éon,1.8,52,Méga,,,,
Latios,381,Dragon,Psy,Éon,2,60,3,,,,
Méga-Latios,381,Dragon,Psy,Éon,2.3,70,Méga,,,,
Kyogre,382,Eau,,Bassinmarin,4.5,352,3,,,,
Primo-Kyogre,382,Eau,,Bassinmarin,9.8,430,Méga,,,,
Groudon,383,Sol,,Continent,3.5,950,3,,,,
Primo-Groudon,383,Sol,Feu,Continent,5,999.7,Méga,,,,
Rayquaza,384,Dragon,Vol,Cieux,7,206.5,3,,,,
Méga-Rayquaza,384,Dragon,Vol,Cieux,10.8,392,Méga,,,,
Jirachi,385,Acier,Psy,Souhait,0.3,1.1,3,,,,
Deoxys,386,Psy,,ADN,1.7,60.8,3,,,,
Tortipouss,387,Plante,,Minifeuille,0.4,10.2,4,,,,
Boskara,388,Plante,,Bosquet,1.1,97,4,,,,
Torterra,389,Plante,Sol,Continent,2.2,310,4,,,,
Ouisticram,390,Feu,,Chimpanzé,0.5,6.2,4,,,,
Chimpenfeu,391,Feu,,Garnement,0.9,22,4,,,,
Simiabraz,392,Feu,Combat,Flamme,1.2,55,4,,,,
Tiplouf,393,Eau,,Pingouin,0.4,5.2,4,,,,
Prinplouf,394,Eau,,Pingouin,0.8,23,4,,,,
Pingoléon,395,Eau,Acier,Empereur,1.7,84.5,4,,,,
Étourmi,396,Normal,Vol,Étourneau,0.3,2,4,,,,
Étourvol,397,Normal,Vol,Étourneau,0.6,15.5,4,,,,
Étouraptor,398,Normal,Vol,Rapace,1.2,24.9,4,,,,
Keunotor,399,Normal,,Souridodue,0.5,20,4,,,,
Castorno,400,Normal,Eau,Castor,1,31.5,4,,,,
Crikzik,401,Insecte,,Criquet,0.3,2.2,4,,,,
Mélokrik,402,Insecte,,Criquet,1,25.5,4,,,,
Lixy,403,Électrik,,Flash,0.5,9.5,4,,,,
Luxio,404,Électrik,,Étincelle,0.9,30.5,4,,,,
Luxray,405,Électrik,,Brilloeil,1.4,42,4,,,,
Rozbouton,406,Plante,Poison,Bourgeon,0.2,1.2,4,,,,
Roserade,407,Plante,Poison,Bouquet,0.9,14.5,4,,,,
Kranidos,408,Roche,,Coud'Boule,0.9,31.5,4,,,,
Charkos,409,Roche,,Coud'Boule,1.6,102.5,4,,,,
Dinoclier,410,Roche,Acier,Bouclier,0.5,57,4,,,,
Bastiodon,411,Roche,Acier,Bouclier,1.3,149.5,4,,,,
Cheniti,412,Insecte,,Ver Caché,0.2,3.4,4,,,,
Cheniselle (cape plante),413,Insecte,Psy,Ver Caché,0.5,6.5,4,,,,
Cheniselle (cape sable),413,Insecte,Sol,Ver Caché,0.5,6.5,4,,,,
Cheniselle (cape déchet),413,Insecte,Acier,Ver Caché,0.5,6.5,4,,,,
Papilord,414,Plante,Vol,Phalène,0.9,23.3,4,,,,
Apitrini,415,Insecte,Vol,Miniabeille,0.3,5.5,4,,,,
Apireine,416,Insecte,Vol,Ruche,1.2,38.5,4,,,,
Pachirisu,417,Électrik,,Ecurélec,0.4,3.9,4,,,,
Mustébouée,418,Eau,,Aquabelette,0.7,29.5,4,,,,
Mustéflott,419,Eau,,Aquabelette,1.1,33.5,4,,,,
Ceribou,420,Plante,,Cerise,0.4,3.3,4,,,,
Ceriflor,421,Plante,,Floraison,0.5,9.3,4,,,,
Sancoki,422,Eau,,Aqualimace,0.3,6.3,4,,,,
Tritosor,423,Eau,,Aqualimace,0.9,29.9,4,,,,
Capidextre,424,Normal,,Longqueue,1.2,20.3,4,,,,
Baudrive,425,Spectre,Vol,Bouboule,0.4,1.2,4,,,,
Grodrive,426,Spectre,Vol,Ballon,1.2,15,4,,,,
Laporeille,427,Normal,,Lapin,0.4,5.5,4,,,,
Lockpin,428,Normal,,Lapin,1.2,33.3,4,,,,
Méga-Lockpin,428,Normal,Combat,Lapin,1.3,28.3,Méga,,,,
Magirêve,429,Spectre,,Magique,0.9,4.4,4,,,,
Corboss,430,Ténèbres,Vol,Big Boss,0.9,27.3,4,,,,
Chaglam,431,Normal,,Chafouin,0.5,3.9,4,,,,
Chaffreux,432,Normal,,Chatigre,1,43.8,4,,,,
Korillon,433,Psy,,Clochette,0.2,0.6,4,,,,
Moufouette,434,Poison,Ténèbres,Moufette,0.4,19.2,4,,,,
Moufflair,435,Poison,Ténèbres,Moufette,1,38,4,,,,
Archéomire,436,Acier,Psy,Bronze,0.5,60.5,4,,,,
Archéodong,437,Acier,Psy,Clochebronze,1.3,187,4,,,,
Manzaï,438,Roche,,Bonsaï,0.5,15,4,,,,
Mime JR.,439,Psy,Fée,Mime,0.6,13,4,,,,
Ptiravi,440,Normal,,Maisonjouet,0.6,24.4,4,,,,
Pijako,441,Normal,Vol,Note Musique,0.5,1.9,4,,,,
Spiritomb,442,Spectre,Ténèbres,Interdit,1,108,4,,,,
Griknot,443,Dragon,Sol,Terrequin,0.7,20.5,4,,,,
Carmache,444,Dragon,Sol,Caverne,1.4,56,4,,,,
Carchacrok,445,Dragon,Sol,Supersonic,1.9,95,4,,,,
Méga-Carchacrok,445,Dragon,Sol,Supersonic,1.9,95,Méga,,,,
Goinfrex,446,Normal,,Goinfre,0.6,105,4,,,,
Riolu ,447,Combat,,Émanation,0.7,20.2,4,,,,
Lucario,448,Combat,Acier,Aura,1.2,54,4,,,,
Méga-Lucario,448,Combat,Acier,Aura,1.3,57.5,Méga,,,,
Hippopotas,449,Sol,,Hippo,0.8,49.5,4,,,,
Hippodocus,450,Sol,,Poids Lourd,2,300,4,,,,
Rapion,451,Poison,Insecte,Scorpion,0.8,12,4,,,,
Drascore,452,Poison,Ténèbres,Scorpogre,1.3,61.5,4,,,,
Cradopaud,453,Poison,Combat,Toxique,0.7,23,4,,,,
Coatox,454,Poison,Combat,Toxique,1.3,44.4,4,,,,
Vortente,455,Plante,,Chopinsecte,1.4,27,4,,,,
Écayon,456,Eau,,Poisson Ailé,0.4,7,4,,,,
Luminéon,457,Eau,,Néon,1.2,24,4,,,,
Babimanta,458,Eau,Vol,Cervolant,1,65,4,,,,
Blizzi,459,Plante,Glace,Arbregelé,1,50.5,4,,,,
Blizzaroi,460,Plante,Glace,Arbregelé,2.2,135.5,4,,,,
Méga-Blizzaroi,460,Plante,Glace,Arbregelé,3.7,185,Méga,,,,
Dimoret,461,Ténèbres,Glace,Grifacérée,1.1,34,4,,,,
Magnézone,462,Électrik,Acier,Aimant,1.2,180,4,,,,
Coudlangue,463,Normal,,Lécheur,1.7,140,4,,,,
Rhinastoc,464,Sol,Roche,Perceur,2.4,282.8,4,,,,
Bouldeneu,465,Plante,,Vigne,2,128.6,4,,,,
Élekable,466,Électrik,,Foudrélec,1.8,138.6,4,,,,
Maganon,467,Feu,,Explosion,1.6,68,4,,,,
Togekiss,468,Fée,Vol,Célébration,1.5,38,4,,,,
Yanmega,469,Insecte,Vol,Libellogre,1.9,51.5,4,,,,
Phyllali,470,Plante,,Verdoyant,1,25.5,4,133_4-3,Pierre plante,,
Givrali,471,Glace,,Poudreuse,0.8,25.9,4,133_4-4,Pierre glace,,
Scorvol,472,Sol,Vol,Scorpiroc,2,42.5,4,,,,
Mammochon,473,Glace,Sol,Deudéfenses,2.5,291,4,,,,
Porygon-Z,474,Normal,,Vietuel,0.9,34,4,,,,
Gallame,475,Psy,Combat,Lame,1.6,52,4,,,,
Méga-Gallame,475,Psy,Combat,Lame,1.6,56.4,Méga,,,,
Tarinorme,476,Roche,Acier,Boussole,1.4,340,4,,,,
Noctunoir,477,Spectre,,Mainpince,2.2,106.6,4,,,,
Momartik,478,Glace,Spectre,Enneigement,1.3,26.6,4,,,,
Mostisa,479,Électrik,Spectre,Plasma,0.3,0.3,4,,,,
Matisma chaleur,479,Électrik,Feu,Plasma,0.3,0.3,4,,,,
Motisma froid,479,Électrik,Glace,Plasma,0.3,0.3,4,,,,
Motisma hélice,479,Électrik,Vol,Plasma,0.3,0.3,4,,,,
Motisma tonte,479,Électrik,Plante,Plasma,0.3,0.3,4,,,,
Motisma lavage,479,Électrik,Eau,Plasma,0.3,0.3,4,,,,
Créhelf,480,Psy,,Savoir,0.3,0.3,4,,,,
Créfollet,481,Psy,,Émotion,0.3,0.3,4,,,,
Créfadet,482,Psy,,Volonté,0.3,0.3,4,,,,
Dialga,483,Acier,Dragon,Temps,5.4,683,4,,,,
Dialga originel,483,Acier,Dragon,Temps,6.99,848.67,8,,,,
Palkia ,484,Eau,Dragon,Espace,4.2,336,4,,,,
Palkia originel,484,Eau,Dragon,Espace,6.3,658.97,8,,,,
Heatran,485,Feu,Acier,Caldeira,1.7,430,4,,,,
Regigigas,486,Normal,,Prodigieux,3.7,420,4,,,,
Giratina,487,Spectre,Dragon,Renégat,4.5,750,4,,,,
Giratina originel,487,Spectre,Dragon,Renégat,6.9,650,4,,,,
Cresselia,488,Psy,,Lunaire,1.5,85.6,4,,,,
Phione,489,Eau,,Dérivenmer,0.4,3.1,4,,,,
Manaphy,490,Eau,,Voyagenmer,0.3,1.4,4,,,,
Darkrai,491,Ténèbres,,Noirtotal,1.5,50.5,4,,,,
Shaymin terrestre,492,Plante,,Gratitude,0.2,2.1,4,,,,
Shaymin céleste,492,Plante,Vol,Gratitude,0.4,5.2,4,,,,
Arceus,493,Normal,,Alpha,3.2,320,4,,,,
,,,,,,,,,,,
,,,,,,,,,,,
,,,,,,,,,,,
,,,,,,,,,,,
,,,,,,,,,,,
,,,,,,,,,,,
,,,,,,,,,,,
,,,,,,,,,,,
,,,,,,,,,,,
,,,,,,,,,,,
,,,,,,,,,,,
,,,,,,,,,,,
,,,,,,,,,,,
,,,,,,,,,,,
,,,,,,,,,,,
,,,,,,,,,,,
,,,,,,,,,,,
,,,,,,,,,,,
,,,,,,,,,,,
,,,,,,,,,,,
,,,,,,,,,,,
,,,,,,,,,,,
,,,,,,,,,,,
,,,,,,,,,,,
,,,,,,,,,,,
,,,,,,,,,,,
,,,,,,,,,,,
,,,,,,,,,,,
,,,,,,,,,,,
,,,,,,,,,,,
,,,,,,,,,,,
,,,,,,,,,,,
,,,,,,,,,,,
,,,,,,,,,,,
,,,,,,,,,,,
,,,,,,,,,,,
,,,,,,,,,,,
,,,,,,,,,,,
,,,,,,,,,,,
,,,,,,,,,,,
,,,,,,,,,,,
,,,,,,,,,,,
,,,,,,,,,,,
,,,,,,,,,,,
,,,,,,,,,,,
,,,,,,,,,,,
,,,,,,,,,,,
,,,,,,,,,,,
,,,,,,,,,,,
,,,,,,,,,,,
,,,,,,,,,,,
,,,,,,,,,,,
,,,,,,,,,,,
,,,,,,,,,,,
,,,,,,,,,,,
,,,,,,,,,,,
,,,,,,,,,,,
,,,,,,,,,,,
,,,,,,,,,,,
,,,,,,,,,,,
,,,,,,,,,,,
,,,,,,,,,,,
,,,,,,,,,,,
,,,,,,,,,,,
,,,,,,,,,,,
,,,,,,,,,,,
,,,,,,,,,,,
,,,,,,,,,,,
,,,,,,,,,,,
,,,,,,,,,,,
,,,,,,,,,,,
,,,,,,,,,,,
,,,,,,,,,,,
,,,,,,,,,,,
,,,,,,,,,,,
,,,,,,,,,,,
,,,,,,,,,,,
,,,,,,,,,,,
,,,,,,,,,,,
,,,,,,,,,,,
,,,,,,,,,,,
,,,,,,,,,,,
,,,,,,,,,,,
,,,,,,,,,,,
,,,,,,,,,,,
,,,,,,,,,,,
,,,,,,,,,,,
,,,,,,,,,,,
,,,,,,,,,,,
,,,,,,,,,,,
,,,,,,,,,,,
,,,,,,,,,,,
,,,,,,,,,,,
,,,,,,,,,,,
,,,,,,,,,,,
,,,,,,,,,,,
,,,,,,,,,,,
,,,,,,,,,,,
,,,,,,,,,,,
Brutalibré,701,Combat,Vol,Catcheur,0.8,21.5,1,,,,
